ano;semana;casos;umidmin;umidmed;umidmax;tempmin;tempmed;tempmax;precipitacao
2013;1;87;61,2;82,5;96,5;20,2;24,1;29,4;12
2013;2;82;57,7;80,3;95;19,8;23,6;28,4;4,4
2013;3;140;52,5;83,2;99,1;19,7;22,9;28;8,9
2013;4;204;52,1;71,4;88,4;19,7;24,3;29,4;0
2013;5;196;52,8;73,9;90;20,4;24,9;30,4;12,6
2013;6;119;58,4;84,2;96,5;18,4;21,7;26,2;11,8
2013;7;157;67;90,6;80,42;19,8;22,9;28,5;15,6
2013;8;207;51,5;82,7;99,1;21,1;24,4;30,8;3,2
2013;9;247;54,5;81,3;99,1;20,1;25,1;31;1,7
2013;10;268;55,7;86,8;99,1;21,1;25,6;32,4;14,6
2013;11;311;77,8;91,8;97,5;20,5;23,5;28,1;7,5
2013;12;322;56,2;80;93,4;18,7;21,9;25,7;2
2013;13;368;52,1;74,4;91,5;17,8;22,3;27,7;0,8
2013;14;432;60,5;83,5;97,4;19,2;22,8;27,1;12,5
2013;15;501;66,2;83;95,7;19,5;22,8;27;7,8
2013;16;450;46,7;70,7;89,7;14,5;19,7;25,5;0
2013;17;398;46,1;68;89,7;15,2;20,7;26,5;0
2013;18;359;47,7;70,8;91,4;18,5;23,7;29,5;1,8
2013;19;253;35;61,5;88,1;12,2;18,2;24,4;0
2013;20;282;54,5;76,5;94,1;17,1;21,2;26,1;0,9
2013;21;188;60,5;86,3;97,4;17;19,6;23;5,5
2013;22;134;70,1;88,8;80,42;14,4;18,3;22,2;8,5
2013;23;127;57,8;84,1;80,42;14,8;18,7;24;0
2013;24;121;64,7;88,2;80,42;15;18,4;23;5,3
2013;25;75;74,7;92,6;80,42;14,4;17,3;21;5,1
2013;26;98;85,1;95,9;80,42;16;17,7;20,1;13,6
2013;27;81;63,1;87,1;80,42;15,1;18,7;23,4;0
2013;28;68;51,7;79,2;99,1;14;18,8;24,7;0,6
2013;29;54;44,7;76;95,7;14,1;19;24,7;9,4
2013;30;18;50,4;74,9;93,4;18,5;12,4;17,8;0
2013;31;57;30,1;56,7;88,2;12,8;20;27,4;0
2013;32;58;37,4;62;85,8;15,5;21,3;28,2;0
2013;33;40;34,2;60,3;86;19,8;15,3;22,5;0
2013;34;65;31,8;56;82;14,7;21,2;28,1;0
2013;35;42;34,4;57,6;79,2;11;17,1;24,5;0
2013;36;60;39,8;65,4;93,1;15,2;20,9;27,1;0,6
2013;37;74;21,5;41,3;65,5;18,1;24,9;31,8;0
2013;38;46;43,4;64,4;89;16,7;22,8;28,4;6,5
2013;39;39;36,8;66,9;89,5;12,1;18,2;25,1;5,2
2013;40;65;58,1;87,5;98,2;17,8;20,3;24,2;14,4
2013;41;77;38,8;60;84,8;14,4;20,1;26;0
2013;42;118;46,4;69,3;91,8;18;22,8;28,4;4,8
2013;43;105;43,1;66,6;94,1;19;24,8;31,5;1,6
2013;44;154;33,5;56,8;81,8;17,4;23,7;30,5;1,8
2013;45;126;47;72;91,7;18,1;22,8;28,4;0
2013;46;129;31,8;58,2;80,4;20,1;25,8;32,1;0,8
2013;47;139;55,7;79,6;94,8;19,4;22,9;28,1;3,2
2013;48;145;46,2;70,1;94,8;19,5;24,7;30,1;1
2013;49;148;42,5;68,8;94,2;20,2;25,6;31,1;1,9
2013;50;126;52,5;73,1;93,4;20,1;24,7;29,8;7,1
2013;51;125;33,4;58,5;85,1;19,7;25,5;31,7;0,5
2013;52;103;44,2;70,8;91,8;21,7;26;30,8;6,9
2014;1;85;59,7;87,6;89,11;21,5;24,6;30,5;10
2014;2;140;49,5;72,9;94,8;21;25,5;30,8;16
2014;3;139;58,2;80,4;97,4;20,5;24,1;28,2;6,8
2014;4;156;44,5;69;91,8;21,5;26,4;31,8;33
2014;5;183;32,8;59,8;85,7;21,8;27,6;33,8;0,1
2014;6;159;23,5;45,4;71;23,1;29,7;36,1;15
2014;7;179;40,5;64,5;84,1;22,5;26,4;32,2;8,9
2014;8;171;47,5;68,5;88,7;20,1;25;30,8;10
2014;9;167;54,5;80,1;99,1;20,7;24,3;29,8;7
2014;10;152;55;78,3;94,2;20,2;24;29;4
2014;11;170;41,5;74,1;95,7;20,7;24,8;30,7;4
2014;12;178;55,1;79,7;96,5;21,2;24,8;30,4;11
2014;13;184;47;70,7;90,5;18,5;23,5;29,4;8
2014;14;228;60,1;80,8;93,2;20,8;24,1;29;0,2
2014;15;307;54,4;76,6;94,8;20,4;24,7;30,2;2,6
2014;16;343;67,4;84,8;96,5;19;21,7;25,5;11
2014;17;362;61;81,7;97,4;18,1;21,7;26;0,8
2014;18;412;51,5;74,4;94;15,1;20;26;12
2014;19;400;47,4;71,8;93,1;17,2;21,9;27,2;0
2014;20;402;55,4;75,4;93,1;16,1;20,4;25,4;0
2014;21;314;62,5;82;96,5;16,5;20,3;25;15
2014;22;251;66,2;84,7;98,2;12,1;15,5;20;17
2014;23;253;55;80;97,1;14,2;18,2;23,1;12
2014;24;250;62,1;83;96,5;16,8;20;24,5;17
2014;25;199;63;85,2;89,11;14,5;18,1;23,1;12
2014;26;203;52,8;77,2;98,2;14,8;20;26;1
2014;27;156;40,7;66,5;90,7;13,4;18,6;24,5;0,2
2014;28;137;59,1;80,6;97,4;14,4;18,1;23;4
2014;29;95;48,1;73,3;94;13;18,2;23,8;32
2014;30;92;40,1;72;93,5;10,8;16,2;22,5;9
2014;31;129;52,4;73,8;87,4;14,8;18,7;24,4;0
2014;32;108;39;62,1;83,8;14,4;20,6;27,5;0
2014;33;89;43,2;68,3;89,2;14,2;19,5;26,1;20
2014;34;106;33,8;60,2;86,7;16;22,1;29,4;0,6
2014;35;101;27,5;51,2;80,7;14,4;20,9;28,2;30
2014;36;96;37,4;69,1;92,2;16,1;21,7;29,5;20
2014;37;99;30,7;54,5;79,2;18,2;24,3;31,1;0
2014;38;81;40,5;65,2;87;17;22;28,1;9
2014;39;55;57,8;78,1;97,4;16,2;20,5;25,4;19
2014;40;75;51,2;74,5;93,1;16,7;21;27,7;28
2014;41;77;22,5;46,8;71,4;17;24,1;31,8;0
2014;42;77;24;47,1;71;21,7;28,9;36,8;0,9
2014;43;86;45,5;66,5;91;18,2;23,7;30,2;0
2014;44;106;27,4;53,3;83;19,5;26,8;35,2;0,9
2014;45;86;37,1;72,6;93,2;20,2;25,3;32,8;19
2014;46;89;28,8;55,5;85,2;18,5;25,3;32,2;0,1
2014;47;89;37,7;64;89,7;18,4;23,6;30,5;10
2014;48;84;57,2;78,1;95,1;20,2;24,4;29,5;11
2014;49;90;51;71,3;86,8;20,7;25,2;30,5;4
2014;50;86;55,5;80,3;97,4;21,1;24,4;29,5;7
2014;51;81;41,7;64,1;86,8;20,5;25,6;31,2;12
2014;52;62;54,1;83,7;96,7;20,5;23,9;28,2;37
2014;53;30;48,7;74,2;95;22;26,4;32,7;0
2015;1;95;49;79,3;96,5;21,2;25;30,5;12,7
2015;2;81;39;65,3;88,5;22,1;27,7;33,7;0,6
2015;3;115;42,1;63,9;84,4;21,8;27;33;0,5
2015;4;123;60;82,7;96,5;21;24;29,7;0,1
2015;5;174;53,5;77,5;95,7;20,2;24,2;30,2;11
2015;6;160;63,4;85,4;98,2;21;24,8;30,4;8,4
2015;7;186;91;98,2;87,91;20,1;22,4;26,1;9
2015;8;249;66,8;90,5;87,91;20,2;24,3;31;8,9
2015;9;250;71,8;90,9;87,91;20,4;24,7;30,8;0,1
2015;10;284;96;96,6;97,2;23;23,2;23,5;8
2015;11;318;56,1;75,9;93,1;20,8;24,4;28,6;3
2015;12;364;45,4;69,9;92,2;19,5;24,4;30,1;21
2015;13;356;48,2;71,7;91,1;20;24,3;29,8;4
2015;14;521;51,2;72;92,2;17,8;22,5;27,7;0,4
2015;15;615;54,1;72,6;89,2;20,1;24,1;29;0,2
2015;16;625;62,2;82,5;97,4;20,7;23,8;28,4;18
2015;17;630;46;71,3;91,4;15,8;20,5;26,2;0,9
2015;18;514;56,4;79,8;96,5;16;20;25,1;8
2015;19;394;62,4;79,9;92,2;15,5;19;23,4;8
2015;20;346;61,2;80,3;95,7;17,1;20,8;25,2;0
2015;21;255;63,7;83,9;97,4;16,2;19,8;24,1;1
2015;22;259;66;85,1;99,1;14,7;18,8;23,5;4
2015;23;212;52,8;75,5;95,7;17,7;22,3;27,4;0
2015;24;169;59,1;78,5;94,8;13,4;17,9;23,4;2
2015;25;140;54,5;76,6;94;14;18,5;23,8;0
2015;26;101;73,1;88,3;98,2;14;17,2;21;27
2015;27;76;69,1;87,5;97,4;14;16,9;20,7;29
2015;28;108;66,5;84,8;99,1;16,7;20;24,5;17
2015;29;118;55,7;77;95,7;14,8;19;23,8;2,4
2015;30;107;44,1;69,4;94,8;13,7;19,7;26,1;0,2
2015;31;132;30,7;54,1;80,4;15,8;22,5;30,2;0
2015;32;137;31,5;56,9;81,7;15,8;22,3;29,2;0
2015;33;151;34,8;59,9;83,2;14,5;20,6;27,5;0,3
2015;34;115;44,8;74,5;92,2;14,8;19,2;25,4;4
2015;35;131;34,4;58,4;81,4;16;22,9;30,7;5,4
2015;36;107;66,4;85,3;96,5;15,8;18,4;22;12
2015;37;156;31;59,4;86,8;17,4;24,5;32,4;5
2015;38;120;28;49,1;71,5;20,5;27,1;34,8;0
2015;39;94;53,1;80,3;97,4;17,8;22;27,2;8
2015;40;124;47,2;72,3;92,4;18,8;24,3;30,8;9
2015;41;157;53,5;72,8;91;19,5;24,3;30;17
2015;42;115;43,7;66,8;86,8;19,2;25,5;33,1;0
2015;43;88;56,2;76,7;90,5;19,2;23,6;29,4;16
2015;44;110;71,5;86,3;95,5;20,2;23;27,2;2,6
2015;45;149;47,7;72,8;91,7;21,2;26,3;32,7;9,4
2015;46;163;65,5;83,2;97,4;19,5;23,3;28,1;20
2015;47;205;64;84,6;95,7;20;22,9;27;15
2015;48;213;67,7;84,1;95,7;20,1;23,5;28,4;5,3
2015;49;317;58,2;84,5;95,7;21;23,2;26,4;10
2015;50;316;81,2;88,2;94,1;21,4;22,5;24,5;13
2015;51;295;82,1;89,4;93,2;22,2;23,5;25,4;8,5
2015;52;160;86,7;92;96,5;22;23;24,1;18
2016;1;433;80,1;85,8;91;22,2;23,5;25,2;4,5
2016;2;473;86,4;90,1;95;22,5;23,8;25,2;5
2016;3;609;67,1;75,7;85,1;18,4;20,8;24,2;0
2016;4;572;70,7;83,9;90,8;21,5;23,2;26,2;12
2016;5;597;48,4;73,9;92,4;22,1;26,3;32,5;10
2016;6;721;58;79;93,2;22;25,7;30,8;6
2016;7;750;76;86,3;94,2;22,5;24,2;26,2;11
2016;8;667;88,8;93,1;96,5;21,5;22,3;23,7;12
2016;9;729;77,2;85,3;90,7;19,8;21,3;23,1;1
2016;10;783;72,1;80,7;87,5;20,2;21,5;23,2;14
2016;11;826;69,7;80,3;87,2;20,2;22;24,1;0,2
2016;12;961;75,4;85,9;93,2;21;22,3;24,2;13
2016;13;931;68,1;76,5;83,1;20,1;21,7;23,8;3,9
2016;14;835;59,5;72,7;83,7;21,7;24,3;27,7;0,1
2016;15;820;42;64,3;85,1;22,4;27;32,8;0
2016;16;695;44,4;61,1;77,2;21,2;24,8;29,2;0
2016;17;330;64,7;76,2;85;13,7;15,8;18,5;10
2016;18;250;66,2;75,8;82,4;13,4;15;17;0
2016;19;194;87;91,5;98,2;16,8;18;19,2;17
2016;20;118;81,1;89,3;97,4;15,2;17,1;19;4
2016;21;102;77,2;89;94,7;14,2;15,1;17,7;10
2016;22;64;87,4;94,5;98,2;15,5;16,6;17,8;16
2016;23;36;72,2;79,9;87,7;10,8;12,5;14,7;8
2016;24;71;67,5;77,6;85,1;20,7;12;14,1;0
2016;25;70;80,7;88,3;94,8;12,5;14,5;16,8;20
2016;26;73;72,4;82;90,5;13,8;15,7;17,8;0
2016;27;56;67,1;78,1;87;12,4;14,6;17,2;0,2
2016;28;65;60,4;75,2;86,7;16,2;18,4;21,8;0
2016;29;56;70,5;81;89,2;20,7;10,6;13;8
2016;30;64;65,7;76,6;86,5;13,5;15,7;18,7;0
2016;31;55;61,5;75,2;87,2;14,8;17,7;21,4;0
2016;32;54;61,8;75,9;87,5;12,8;15,3;18;38
2016;33;64;64;80,8;87,5;16,1;17,7;20,2;14
2016;34;65;63,2;76,6;90,2;12,5;15,6;19;13
2016;35;52;57,5;72,7;86,4;15,5;18,6;22,2;5
2016;36;43;72,1;81;87,2;12,5;14,4;17;5
2016;37;83;49;61;72,8;16,4;18,8;21,8;0,4
2016;38;81;58,8;71,6;83,4;15;17,3;20;21
2016;39;123;57,5;69,4;80,2;14,2;17,3;20,7;13
2016;40;115;66,8;78,5;90,7;14,5;16,8;19,2;2,1
2016;41;152;75,8;81,6;87,1;17,2;18,5;20;10
2016;42;151;65;75,4;83,4;22,5;24,4;27,1;8
2016;43;135;71,4;80,5;88,4;18;19,5;21,7;10
2016;44;154;67,4;78,1;86,5;18;19,6;22;16
2016;45;160;65,8;77,4;86,1;19,7;21,4;24,1;0,4
2016;46;169;55,1;70,1;84,7;18,1;21,1;25;8
2016;47;203;51,8;66,5;79,1;18,4;21;24,4;0
2016;48;132;74;82,8;92;19,8;22,2;25;11
2016;49;138;70,4;82,3;90,1;20,5;21,9;24,2;35
2016;50;128;76,2;83,5;90;20,5;22,2;24,2;11
2016;51;115;75,8;85,9;94,8;20,2;21,8;24,1;33
2016;52;183;70,4;82;90,1;22,7;24,6;27,1;16
2017;1;171;75,2;87,8;94;21,5;22,8;25,4;12
2017;2;129;71,2;80,8;90;22,1;24;26,1;24
2017;3;118;73,7;86;94,1;21,4;23,3;26,1;1
2017;4;97;81,2;88,3;93,1;20,5;21,9;23,5;8
2017;5;131;85,4;92,7;98,2;20,4;21,6;23,1;10
2017;6;144;73,2;81,4;88,2;22,1;24,2;26,4;0
2017;7;141;76,5;86,3;92,5;22;23,4;25,2;8
2017;8;112;71,4;79,5;87;22,5;24;25,7;0,4
2017;9;115;77,2;87,6;94;22,4;23,4;25,1;4
2017;10;98;82,8;90,6;95;22,4;23,4;25,4;3
2017;11;86;83,2;89,2;94;21,4;22,3;23,5;6,3
2017;12;101;73,2;81,5;89,1;18,7;20,4;22,7;0,2
2017;13;73;71;80,6;88,1;18;19,9;22,2;16
2017;14;76;76,1;81,7;85,8;20,1;21,1;22,7;8
2017;15;64;73,7;83,9;91,4;20,1;22;24,7;4
2017;16;46;79,4;85,2;88,5;17,7;18,7;20,1;6
2017;17;56;76,4;84,6;90,5;15,2;17,4;19,8;31
2017;18;53;86,8;90,3;93,2;16,4;17,5;19;11
2017;19;76;78,2;86,9;94;16,4;18;20;0
2017;20;52;84,1;91,3;95,8;17,7;18,4;19,8;17
2017;21;71;89,5;94;98;18,3;19,1;20,3;8
2017;22;54;89,7;94;97,4;15,5;16,4;17,8;0
2017;23;33;88,2;92,3;95,5;16,8;17,2;18,1;15
2017;24;40;83,7;91,3;97,1;12,5;14,1;16;3
2017;25;40;85;91,2;95,7;15;16,3;18;0,6
2017;26;34;83,8;88,7;93,1;14,4;15,4;16,8;0
2017;27;26;75,1;81,1;84,7;12,5;13,4;14,4;0
2017;28;34;77,7;84,1;90,5;14,1;15,4;16,8;0
2017;29;17;73,5;81,8;89,4;10,1;11,8;13,7;0
2017;30;33;63,4;74,8;83,1;13,5;14,9;17,1;0
2017;31;33;65,7;76,5;82,4;14,2;15,6;17,5;0,5
2017;32;33;67,4;76,2;82,7;14,4;16,2;18,4;0
2017;33;33;74,8;89,3;95;15,5;16,5;18;14
2017;34;60;73,8;82,8;88,8;14,5;16;18,5;33
2017;35;52;58;68,5;76,7;17;18,6;21,4;0
2017;36;62;51,8;63;77,6;16,4;19,3;22,2;0
2017;37;87;73,4;83,4;88,8;16,7;19,8;22,1;0
2017;38;98;73,4;83,4;88,8;17,1;19,8;22,1;0
2017;39;99;73,4;83,4;88,8;17,4;19,8;22,1;2
2017;40;98;73,4;83,4;88,8;17,8;19,8;22,1;7
2017;41;113;73,4;83,4;88,8;18,2;19,8;22,1;7
2017;42;107;73,4;83,4;88,8;18,5;19,8;22,1;0,5
2017;43;101;73,4;83,4;88,8;18,9;19,8;22,1;20
2017;44;92;73,4;83,4;88,8;19,2;19,8;22,1;12,5
2017;45;85;73,4;83,4;88,8;19,6;19,8;22,1;2
2017;46;109;50,3;82,1;88,8;20;23,5;30,5;14
2017;47;101;46;71,9;94,9;19,5;24,2;30,7;8
2017;48;137;52,6;73,1;89,7;19,4;23,8;29;8
2017;49;109;54,1;72,6;90,1;21,4;25,5;30,4;0,3
2017;50;104;50,9;67,8;80;21;23,8;28,1;0
2017;51;66;68;81,7;90,4;22,2;24,2;27,7;13,5
2017;52;88;82,6;93,2;99,1;21,4;22,9;25;27
2018;1;95;74,8;87;95,8;20,8;22,5;25,1;7
2018;2;87;84,3;91;95,8;20,1;21;22,8;8
2018;3;127;72,5;89,3;99,1;21,1;23,3;27,7;9
2018;4;134;71,4;81,2;90,1;22,1;24,2;26,7;0,2
2018;5;90;73,9;85,2;93,2;19,7;21,9;24,8;4
2018;6;105;56,6;72,9;85,3;19,8;22,7;27;10
2018;7;91;83,6;88,9;92,4;20;21,3;23,2;8
2018;8;76;71,9;82,7;90,9;19,5;21,6;24;25
2018;9;68;55,2;75,1;91,7;21,1;24,8;29,5;6
2018;10;116;78,7;86,6;94,2;21,5;23,2;25,2;14
2018;11;59;75,4;84,8;92,4;22,2;23,8;26;32
2018;12;64;79,2;86,5;92,6;22,4;23,2;24,7;0,2
2018;13;56;79,9;88,9;95,7;21,1;22;23,7;4
2018;14;94;72,6;86,2;94,9;19,2;21,1;23,8;5,5
2018;15;78;62,9;76,3;85,9;19,5;21,5;24,7;0,4
2018;16;53;61,7;74,2;82,7;18;20,3;24;0
2018;17;65;41,8;65,6;85,9;18,7;23,6;29,2;0
2018;18;64;35,9;59,9;82,9;19,1;24,7;30,7;0
2018;19;47;47,1;67,8;95,5;16,5;22,6;27,8;0
2018;20;24;50,7;73;92,3;16,4;21,2;27,5;6,8
2018;21;26;58,3;74,9;87,7;11,8;14,3;18;0,1
2018;22;24;61,3;74,3;85,6;14,7;17;20,1;27
2018;23;28;82,7;89,1;94,6;14;15,4;17,4;1
2018;24;36;74,9;82,4;90;16,4;18,1;20;32
2018;25;46;72,8;85,3;93;14,1;16,1;19,1;0
2018;26;47;58,1;72,6;82,1;17,5;19,6;22,7;0,7
2018;27;34;53,4;73,9;87,2;15,4;18,3;23;0
2018;28;38;50,5;71,2;84,8;11,5;13,7;17,5;0
2018;29;28;33,7;56,2;78,1;16;21,4;27,7;0
2018;30;25;34,6;58,4;83,2;15;21,1;28,1;0
2018;31;26;47,7;71,4;89,2;14,8;18,9;24,2;15
2018;32;16;53,9;81,1;97,2;11,5;15,3;20,8;4
2018;33;25;56,4;73;86;12,5;15,5;19,8;0
2018;34;35;64,1;78,9;89,2;16,8;18,9;21,7;9
2018;35;41;47,8;66,2;80,1;14;17;21,2;0
2018;36;43;61,6;76,3;85,5;13,4;15,4;18,8;16
2018;37;51;58,1;73,8;85,9;15,7;18,1;22,4;0,5
2018;38;46;82,9;91,5;99,1;17;18,5;20,7;11
2018;39;52;56,2;72,9;82,5;20,2;22,7;26,5;3
2018;40;68;67,3;81,8;93,5;19,7;22,4;26,1;12
2018;41;55;63,2;80,9;94,1;19,5;23;27,7;13
2018;42;58;59,5;83;95,7;19,4;22,8;29;12
2018;43;43;75,5;85,7;91,7;18,4;19,9;22,1;7
2018;44;60;69,4;79,4;86,2;18;20;23,1;37
2018;45;69;67;76,8;91,9;18,1;19,9;23,1;0
2018;46;73;60,2;73,4;83,7;21,5;23,7;27,2;0,3
2018;47;77;75,9;84,2;89,9;18,8;20,4;22,5;15
2018;48;125;69,1;80,1;87,6;20,7;22,4;25,1;0,9
2018;49;119;51,7;65,9;79,7;20;22,8;26,7;4
2018;50;91;33,4;55,6;78,2;21,2;27,3;34;38
2018;51;77;44,8;70;88,1;22,7;27,2;34,4;0,7
2018;52;108;67,6;83,3;93,3;21,4;23,6;27,5;9
2019;1;186;77,7;87,3;95;22,7;24,3;26,1;46
2019;2;148;78,9;85,5;90,4;22,5;23,9;25,5;1
2019;3;155;57,3;77;90,1;22,7;25,5;30,7;20
2019;4;242;47,3;73,1;91,8;22,2;27;32,8;2
2019;5;308;34,5;58,1;80,8;23,2;28,9;35,4;2
2019;6;427;45,1;66,3;81,3;21,4;25;30,7;16
2019;7;523;72,4;80,9;87,9;21,7;23,6;26,2;9
2019;8;511;76,6;87,4;93,3;21,1;22,2;24;8
2019;9;534;78,4;89,4;96,6;21,2;22,9;25;15,2
2019;10;570;72,8;83,6;91,8;21,4;23,3;25,5;9
2019;11;606;79,9;87,4;93,3;21,7;23,1;24,8;8
2019;12;662;85;90,4;95,8;20,4;21,4;22,7;3
2019;13;610;59,9;75,1;85,2;19,7;22;26,1;0
2019;14;588;63,3;77;86,9;21,2;23,1;26;3
2019;15;560;73,5;83,8;97,6;18,8;21;23,4;0,5
2019;16;650;64,9;80;89,9;19,1;21,5;25,4;0,4
2019;17;652;70,5;83,2;92,5;21;22,9;25,7;8
2019;18;669;75,7;88,5;97,4;19,2;21,3;24,5;0
2019;19;799;68,8;82,1;92,3;19,8;22;25;37
2019;20;742;79,3;87,1;93,9;16,4;18;20,1;0
2019;21;567;69,6;86,8;95,6;15,7;17,3;19,7;4,9
2019;22;583;76,2;87,2;98,9;17,2;18,7;20,7;14
2019;23;437;81,3;89,7;94,5;13,8;15,6;17,8;0
2019;24;441;63,8;79,3;88,8;15,5;18;21,7;0
2019;25;364;67;81,5;90,4;15,4;17,7;21,1;0
2019;26;310;68,4;82,9;91,3;15,5;17,8;21;0,5
2019;27;201;69,1;81,3;92,1;14;16,9;20,1;6
2019;28;159;55,1;76,7;89,1;20,2;11,9;16,1;0
2019;29;146;64,1;77,4;87,1;12,8;14,9;17,7;0,7
2019;30;127;59,6;75,2;85,6;15,8;18,1;21,5;0
2019;31;128;59;73,5;84,3;14,1;17,3;21;0
2019;32;127;56,7;72,3;83,9;13,1;15,7;19,4;0
2019;33;114;54,1;68,2;79,9;14,7;17,4;20,8;0,4
2019;34;121;52,7;70,5;84,4;14,1;17,2;21,8;0,8
2019;35;112;50,9;66,6;78,4;15,5;18,5;22,5;6
2019;36;110;84,6;90,9;95,6;16,2;17,7;20;2
2019;37;136;42,9;56,6;68,1;21,2;24,3;28,8;0
2019;38;118;53,1;64,1;74;20,8;23,4;26,7;23
2019;39;113;63,4;77,4;88;14,5;17,3;21;0,5
2019;40;117;38;56,4;70,4;20;22,7;27,1;2,1
2019;41;120;55,2;70,9;83,5;19,4;22;25,2;15
2019;42;127;58,3;70,2;78,8;21,2;23,2;26,2;4
2019;43;124;53,3;71,9;85,1;18,5;21,4;25,8;31
2019;44;133;50,3;70,2;84,7;20,8;23,8;29;13
2019;45;121;64;73,5;83,3;22,1;24;26,2;7
2019;46;147;72,3;83,5;90,8;20,5;21,8;24,4;43
2019;47;180;53,8;72,1;86,8;19,2;22;25,8;14
2019;48;140;73,8;82,2;90;19,1;21,2;24,2;5
2019;49;173;73;82,5;92,4;20,5;22,3;24,7;61
2019;50;170;69,5;80,5;87,8;20,4;22,2;24,8;13
2019;51;192;86,8;94,2;98,2;20,2;21,2;22,7;24
2019;52;213;62,3;79,1;90,3;20,4;22,8;26,1;0
2020;1;313;53,9;74,7;90,3;22,1;25,4;30,3;17,1
2020;2;667;68,4;86,2;98,2;22,1;24,6;28,8;15
2020;3;1226;63,2;80,7;94,9;22,2;25,5;30,1;0
2020;4;1926;53,5;74,1;90,9;19,5;24,3;29,4;23
2020;5;2161;45,5;66,9;90,2;22,4;27,2;32,4;10
2020;6;3154;82,9;91,7;96,6;21;22,6;25,4;3
2020;7;4473;73,5;84;90,8;20,1;22;24,7;0
2020;8;4159;69,5;82,5;91,9;22,8;24,6;27;13
2020;9;4353;63,5;81,9;94,9;19,7;22,6;26,7;5
2020;10;4576;59,7;75,1;86,6;18,5;21,2;25,1;14
2020;11;3610;36,6;58,9;86,4;20,2;25,8;31,7;2
2020;12;1765;57,4;77,5;92,7;22,2;25,3;29,8;5
2020;13;1866;33,5;56,9;82,2;18,4;24,6;30,7;0,7
2020;14;2359;39,2;56;82,9;21,7;27,4;31;27
2020;15;2102;41,7;57,4;84,6;19,5;25,8;29,7;27
2020;16;1801;35,5;51,6;76,5;16,8;23,5;27,4;0
2020;17;1447;39;53,8;78,3;18,4;25,1;29;0
2020;18;1209;33;48,2;75,2;20;26,7;30,2;0
2020;19;1131;39,2;52,8;78;15,5;22;26;0
2020;20;831;54,5;65,9;86,1;17,1;22,3;25;35
2020;21;553;42,6;57,7;81,1;16,5;22,6;26,5;9
2020;22;356;35,1;51,1;81,1;11,7;18,8;22,8;3,9
2020;23;354;66,6;80,1;94,9;16,4;20;22,5;5
2020;24;221;52,8;69,4;95;18;24,3;28,1;11
2020;25;1187;58,4;69,5;91,3;16,8;22,2;25,2;0
2020;26;1244;57,9;70,4;87,6;17;21,8;25,2;16
2020;27;783;51;69,5;90,4;12,1;17,2;21,8;1
2020;28;283;51,3;67,9;85;15,5;20,3;24,4;18
2020;29;92;45,3;60,4;86,7;17;23,4;27,4;0
2020;30;98;34,8;49,2;74,1;17,1;23,9;28;0
2020;31;95;46,4;65,5;90,5;15,7;21,4;26;20
2020;32;107;32,3;49,2;79,4;15,1;22,5;27;0
2020;33;110;37,9;55,6;79,3;18;23,9;28,5;14
2020;34;57;83,5;92;99;14,2;16,2;18,1;9,4
2020;35;114;31,2;46,2;69,4;15,5;22,9;28;0
2020;36;106;31,3;45,7;72,4;20,5;27,9;32,4;0
2020;37;140;22;37;66,3;22,2;30,2;35;0
2020;38;124;22,4;42;68,1;19,5;27,3;33,8;0,4
2020;39;116;36,7;55,3;83,3;16,8;24,3;29,5;15
2020;40;143;25,1;45;70,3;22,8;30,8;37,1;0
2020;41;130;30,1;55,8;81,6;21;27,6;35,1;20
2020;42;137;31,8;55;81,2;18,1;25,1;32,1;1,3
2020;43;168;42,5;63,5;88,7;19,2;25,6;31,5;37
2020;44;144;37,7;59,4;85,5;19,1;24,7;29,5;0,3
2020;45;182;24,1;44;72,7;16,5;23,9;29,7;0,1
2020;46;136;33,1;54,8;77,2;22,4;27,6;33,4;9
2020;47;168;38,9;63,3;86;20,2;25,2;30,8;9
2020;48;186;34,4;53,7;75,2;20,7;26,7;32,8;14
2020;49;228;45,5;62,9;84,4;20,9;24,1;28,6;9
2020;50;214;45,5;62,9;84,4;21,2;24,1;28,6;38
2020;51;227;45,5;62,9;84,4;21,4;24,1;28,6;13
2020;52;230;45,5;62,9;84,4;21,7;24,1;28,6;0,4
2020;53;163;52,2;79,1;97;22;25,6;32;0
2021;1;303;54;77,7;95,8;21,5;25,6;31;4,4
2021;2;288;60,9;79,4;95;22,8;26,1;30,2;6,8
2021;3;267;70,6;89,7;98,3;21,8;24,1;28,2;15
2021;4;299;67,2;87,9;99,1;21,5;24;28,7;4
2021;5;453;58,3;80,3;94,4;21,2;24,7;29,1;7
2021;6;378;49,5;70,8;87,5;20;23,8;28,2;0,1
2021;7;543;43,6;65,9;88,2;20,4;25;30;45
2021;8;613;51,3;70,4;88,5;20,2;25;30;0,1
2021;9;567;75;91,7;98,3;20,5;22,2;25,5;14
2021;10;670;51,4;76,3;92,8;20,1;24,2;30,2;22
2021;11;871;58,7;77,3;91,8;21,8;25,1;29,5;0,1
2021;12;952;41;69,4;89,3;22,5;27,2;34,1;6
2021;13;1095;39,2;69,3;90,8;18,5;23,2;30,2;58
2021;14;1332;40,7;62,8;84,4;18,5;24;30,2;0
2021;15;1314;42,5;64,6;87,2;18,8;24;30,1;0,9
2021;16;1384;46,6;69,8;89,8;16,5;20,9;26,2;11
2021;17;1336;33,9;59,9;84,2;16;21,3;27,8;0
2021;18;1137;38,8;62,4;85,1;16,2;21,7;28,1;0
2021;19;990;44,7;70,1;93,9;14,5;19,6;25,5;29
2021;20;714;37,8;66,3;90,6;14,8;20,5;27,5;0
2021;21;562;34,1;60,4;81,7;14,7;20;26,4;33
2021;22;453;58,6;84,4;99,1;16,5;20;25,7;11
2021;23;354;65,1;86,7;98,2;15,8;18,6;22,7;3
2021;24;247;63,5;80,7;95,5;12,7;16,3;20,4;0,8
2021;25;231;59,5;82,9;99,1;14,8;18,6;23,7;2
2021;26;136;40;69,9;96,2;8;14,3;22,1;0,8
2021;27;165;38,3;68,5;94,6;10,8;17,1;25;0
2021;28;163;36,7;65,8;88;14;19,5;27,1;0
2021;29;130;24,1;53,1;79,2;20,7;15,8;24,5;8
2021;30;105;31,2;56,6;81,7;20,7;14,7;21,7;0,1
2021;31;115;37,3;62,2;85,1;12;17,5;24,7;0,2
2021;32;123;34,7;58,4;80,6;15,2;20,7;27,4;0,3
2021;33;190;22,9;46,7;71,6;17,5;24,7;32,7;0,1
2021;34;132;36;54,4;74,2;17,5;23,3;29,7;0
2021;35;179;31,2;57,2;81,4;16,2;22,4;30;3
2021;36;183;37,2;61,3;83,4;17,8;23,6;30,8;1
2021;37;187;38,5;65,7;89,7;18,7;24,6;32,2;76
2021;38;182;26,9;51,4;77,4;18,5;25,3;33,1;21
2021;39;151;44,1;64;83,8;19,7;24,3;30,2;0
2021;40;106;68,5;85,7;99,1;17,7;21;25,4;2
2021;41;153;52;76,8;95,6;17,8;21,9;26,7;3
2021;42;131;48,6;67,7;86,3;16,7;20,6;25,4;7
2021;43;155;46,9;68;87,7;19,7;24,1;30;11
2021;44;136;42,8;65,2;84,9;20,2;24,7;30,2;5
2021;45;162;42,6;66,1;89,9;18,2;23,8;29,8;3,5
2021;46;150;46;65,7;84,3;20,1;24,8;30,5;24
2021;47;162;32;54,9;75,8;20,4;25,9;32,4;8
2021;48;148;40,7;57,8;79;21,4;26,6;31,7;9
2021;49;134;37,7;59,2;82;19;24,2;30,2;3
2021;50;127;56,7;75,1;86,6;23,4;26,3;30,2;3
2021;51;99;36,3;56,8;77,4;20,4;25,8;31,7;2
2021;52;85;44,9;66,9;85,3;20,8;25,4;31,5;7
2022;1;258;54,1;76,4;93,3;21,2;25,2;30,7;5,4
2022;2;255;52,8;78;94,9;20;23,9;29,1;0,4
2022;3;272;57,8;80,3;95,2;21,8;25,2;30;28
2022;4;281;56,2;74,3;89,9;23,4;27,1;31,5;4,5
2022;5;244;64;88,7;76,67;21,1;24,2;29,8;9
2022;6;234;46,4;66,9;86,7;21;25,8;31;31
2022;7;238;57,8;75,1;94,2;21,5;26,3;32;19
2022;8;209;32,8;64,4;88,6;23;29;37;0,4
2022;9;220;43,3;70,9;88,5;23;26,7;32;24
2022;10;214;58,1;76,4;76,6;22,5;21,4;26,2;3
2022;11;224;82;94,9;76,67;22;23,8;27,7;6
2022;12;278;50,2;74,7;76,67;20;25,4;32,5;13
2022;13;349;58,1;76,4;76,6;20;21,4;26,2;12
2022;14;416;64,6;82,1;96,9;20;23,6;29,5;0,4
2022;15;563;56,7;77,1;91,1;20,5;24,1;28,5;5
2022;16;697;48,1;72,7;96,8;16,5;21,6;28;0
2022;17;880;58,1;76,4;76,6;16,5;21,4;26,2;13
2022;18;981;58,1;76,4;76,6;16,5;21,4;26,2;13
2022;19;885;64,9;85,5;96,8;16,5;18,3;22;0,9
2022;20;560;58,1;76,4;76,6;15,7;21,4;26,2;0,4
2022;21;475;45,9;65,9;87,8;15;20,5;26,5;0
2022;22;399;96,9;99,6;76,67;17,5;18,6;21;8,5
2022;23;340;81,6;92,7;98,4;16;18;21;4
2022;24;265;49;61,9;71,5;10,5;13,7;18;0
2022;25;289;81,4;92,2;96,9;16;17,2;20;56
2022;26;292;62,3;83,3;96,8;12,5;16;22,5;0
2022;27;289;58,1;76,4;76,6;13,7;21,4;26,2;0
2022;28;253;60,2;75,8;89,3;15;18,4;23,7;0,5
2022;29;210;55,3;76,6;92,5;17,2;20,3;24,2;0,2
2022;30;215;40;59;82,2;14;18,7;24,5;0
2022;31;200;40,5;58,5;74,7;15;19,5;25,2;0,5
2022;32;152;58,1;76,4;76,6;15,6;21,4;26,2;69
2022;33;174;37,8;56,9;74,9;16,3;20,7;26,3;8
2022;34;165;66,2;82;95,3;12,2;15,5;19,2;28
2022;35;167;46,3;65,2;81,1;14,5;19,4;25,5;0
2022;36;200;58,1;76,4;76,6;15,8;21,4;26,2;4
2022;37;147;74,2;84,9;93,9;17,2;18,9;21,5;2
2022;38;165;82,5;91,8;98,4;16,2;18;21;6
2022;39;134;73;83,7;95,9;15;16,6;19,3;9
2022;40;173;58,5;81,1;96,9;17,5;21;25,5;10
2022;41;171;64,2;74,4;91,6;17,5;21,9;26,5;30
2022;42;205;58,5;83,9;76,67;18;22,3;28,5;10
2022;43;202;46,1;68,5;91,9;18;22,4;27,6;0,3
2022;44;183;31,5;60,2;82,2;12;18;25,5;14
2022;45;199;36;61,3;87,6;12,5;18,1;24;0
2022;46;216;33,7;44,2;54;21;24,9;29;4
2022;47;192;55,6;76,8;94;19,5;23,3;27,5;34
2022;48;223;60,8;77,6;91;19;21,9;25,5;5
2022;49;196;82,8;95;76,67;21,5;23,1;26;8
2022;50;208;58,1;76,4;76,6;20,5;21,4;26,2;13
2022;51;221;76,1;86,2;76,67;19,5;21,2;24;0,4
2022;52;222;71,6;86,1;96;20,6;23,1;26,3;13
2023;1;236;62,7;80,2;94;19,8;23,5;27,8;3,7
2023;2;246;71,5;84,9;95;20,5;23,3;26,8;5,2
2023;3;286;84,8;84,8;84,8;25;25;25;7
2023;4;364;68,8;71,6;75,6;25,7;26,6;27,4;2
2023;5;398;90,7;96,1;99,1;22;22,6;24;11
2023;6;511;80,9;81,1;81,4;25,5;25,6;25,7;11
2023;7;696;98,5;98,5;98,5;22,2;22,4;22,6;12
2023;8;760;70,4;88,7;96,4;20,5;22,7;26,1;13
2023;9;1194;84,6;85,8;86,9;23,5;23,8;24;27
2023;10;1701;77,3;79,5;81,2;24,5;24,9;25,5;14
2023;11;2116;95,8;96,5;97,2;22,5;22,9;23,3;6
2023;12;3377;48,6;70,2;91;22,2;26,3;31;0
2023;13;4443;63,9;75,4;85;23,7;26;29;17
2023;14;5252;47,7;70,5;94,1;19,7;24,6;30;18
2023;15;7526;53,3;75,9;93,4;19,5;23,9;29,2;14
2023;16;7161;54;77,6;95,6;16,7;21,2;26,1;11
2023;17;5797;61,3;80,6;94,8;17,4;21;25,4;3
2023;18;5800;68,1;73,1;76,4;22,3;22,8;23,6;0
2023;19;5313;71,9;78,7;85,6;19,7;21,1;22,5;0
2023;20;4162;55,5;69;82,2;15,3;18,2;21,8;0
2023;21;2781;50,8;68,8;83,1;17,1;20,8;25,3;0
2023;22;1831;87,8;91,6;94,8;18,1;18,7;19,3;21
2023;23;1309;68;73,6;78,9;17,8;18,6;19,6;0
2023;24;679;79,4;81,3;82,8;16,9;17;17;13,8
2023;25;504;77;82;85,8;16,4;17;17,8;0
2023;26;461;70,2;73,9;77,5;18,7;19,6;20,6;0
2023;27;318;68,8;72,5;75,7;17,3;18;18,9;0
2023;28;269;70,1;74,1;77,7;17,8;18,4;19,1;5
2023;29;155;71,5;73,9;76,4;16,8;17,2;17,7;0
2023;30;159;68,7;70,9;73,1;19,6;20,2;20,7;29
2023;31;186;64,2;68,5;72,8;18;18,8;19,8;0
2023;32;172;67,4;71,1;74,4;19,4;20,3;21,2;6
2023;33;212;70,7;71,8;72,8;18,5;19;19,5;0,7
2023;34;264;67,4;75,2;82,1;17,6;22,6;24,7;3
2023;35;213;67,4;75,2;82,1;16,7;22,6;24,7;0,2
2023;36;206;67,4;75,2;82,1;15,8;22,6;24,7;6
2023;37;274;40,5;56,4;71,6;15;18,8;23;0,6
2023;38;315;44,4;49,5;55,7;25,9;27,5;29,3;0
2023;39;308;46,9;57,6;65,1;25,4;27,6;31,1;3
2023;40;311;57,3;65,7;74,2;25,2;27;29;5
2023;41;328;70,5;72,7;75,2;22;22,7;23,6;15
2023;42;342;70,4;75,5;80,9;21,9;23;24,2;7
2023;43;341;72,8;76,5;79,7;22,3;23,3;24,6;7
2023;44;311;78,9;82,2;86,7;22,3;23,3;24,7;12
2023;45;448;50,6;53,8;56,4;24,3;25,1;26,1;15
2023;46;368;61,7;65;68,2;26,4;27,2;28;6
2023;47;368;67,4;75,2;82,1;24,6;22,6;24,7;14
2023;48;350;67,4;75,2;82,1;22,8;22,6;24,7;7
2023;49;368;60,8;79,7;97;21;25,4;31;6
2023;50;485;58,7;67,8;77,4;22,8;25,4;27,9;5
2023;51;397;59,7;64;70,7;26,6;28;29,2;0,4
2023;52;468;70,2;77,9;85,9;23,7;25,4;26,8;0,8
2024;1;908;45,1;64;82;20,3;25,4;30,6;0
2024;2;1122;53,8;71,2;86,9;22,3;26,5;31,1;34,5
2024;3;1388;67,1;83,2;94,5;21,9;25,3;29,2;59,4
2024;4;1647;64,5;80;89,8;17,6;21;24,9;30,8
2024;5;1840;51,5;73,6;91,6;19,2;23,9;29,1;0
2024;6;2198;48,4;70,8;88,8;21,5;25,9;31,2;17
2024;7;2580;58;74,5;87,8;21,8;25,2;29,6;0,3
2024;8;2957;65,7;81,5;94,3;20,2;23,7;27,6;75,7
2024;9;3100;57,7;78,3;93,3;21,9;26;30,9;36,7
2024;10;3579;51,4;72,1;88,1;21,4;25,8;30,9;10,8
2024;11;3785;43,2;65,6;84,9;21,5;26,7;32,5;18,3
2024;12;4334;59,4;77,7;89,7;22,2;25,3;29,5;2,9
2024;13;3888;54,1;72,4;88,1;19;23;27,4;102,4
2024;14;4478;47,7;70,7;90,2;20,5;25;30,1;19,5
2024;15;4391;59,3;77,7;91,2;19,9;23,5;27,7;0
2024;16;4189;71,7;84,1;92,7;17,9;20,7;24,1;1
2024;17;3922;51,3;74,1;89;18,7;23,2;28,5;46,8
2024;18;4067;45,5;65,1;82,8;19,9;24,9;29,9;103,8
2024;19;3984;38,7;59,8;76,7;19,4;24,3;29,9;0
2024;20;3839;52,2;68,9;82;18,6;22;26,2;0
2024;21;2661;57,7;77,2;90,7;16,8;20,2;24,4;0
2024;22;1671;59,3;79;92,7;10,8;14,1;18,7;0
2024;23;1231;45;68,5;83,4;14,6;19,2;25,4;16,1
2024;24;1219;36,4;58;73,8;15,9;21;27,4;58,9
2024;25;1007;32,1;50,5;65,2;16,6;21,5;27,4;0
2024;26;743;46,2;63,8;79,1;16,9;21,2;26,2;0
2024;27;539;32,5;54,6;74,8;14;19,1;25,3;0
2024;28;356;68,2;83,6;93,9;13,9;16,8;20,5;0
2024;29;319;56,6;78,3;92,2;13,1;17,4;22,5;0
2024;30;387;34,5;57,9;72,9;13,3;18,7;25,8;0
2024;31;365;41;64;81,2;15,2;19,8;25,9;0
2024;32;316;38,2;56,2;71,6;15,3;19,7;24,8;57
2024;33;321;26,8;50,8;70,6;10;16,8;25,2;0
2024;34;335;27,7;43,6;62;17,4;23,4;30,5;0
2024;35;302;29,8;54,5;73,6;10,8;17;24,7;3,7
2024;36;378;24,5;47,9;70;17,3;24,1;31,8;0
2024;37;351;18,4;33,3;49,7;19,4;27,1;34,5;7
2024;38;331;51,8;74;89,3;16;20,5;26,4;0
2024;39;359;29,3;56;78,3;19,4;25,5;32,6;45,6
2024;40;332;32,6;54,8;74,2;18,2;24,6;32,1;0
2024;41;260;37,8;62,8;85,8;18,1;23,6;30,6;0
2024;42;332;50,3;70,7;85,6;18,3;23,1;28,8;0
2024;43;333;57,1;75,9;91;20;23,6;28,3;27,5
2024;44;384;47,8;68;85,2;17,9;23;28,5;29
2024;45;365;73;88,9;97;20,3;22,4;26;0
2024;46;371;52,1;71,2;85,3;18;22,7;27,9;1,6
2024;47;356;45,6;66;85,4;20;24,7;29,7;47,6
2024;48;328;45,2;66;82,7;20,5;25;30,3;1,5
2024;49;303;68,5;82,5;94,2;21;23,8;27;57,3
2024;50;331;72,8;84,9;93,2;19,4;22,4;25,5;0
2024;51;327;60;78,9;93,8;18,1;22,3;26,9;95
2024;52;353;62,2;79,6;93;19,3;23,4;27,7;32,1
2024;53;413;59,8;79,9;94,6;19,9;23,7;28,3;3
